policy,cache_size_bytes,cache_size_label,hit_rate,byte_hit_rate,hits,misses
lru,1048576,1MB,0.133103,0.027225,10975,71480
lru,5242880,5MB,0.374216,0.248572,30856,51599
lru,10485760,10MB,0.507404,0.433089,41838,40617
lru,26214400,25MB,0.684361,0.693383,56429,26026
lru,52428800,50MB,0.719423,0.772622,59320,23135
lfu,1048576,1MB,0.147098,0.023665,12129,70326
lfu,5242880,5MB,0.272925,0.120859,22504,59951
lfu,10485760,10MB,0.345546,0.190748,28492,53963
lfu,26214400,25MB,0.535019,0.439511,44115,38340
lfu,52428800,50MB,0.679801,0.662702,56053,26402
arc,1048576,1MB,0.157225,0.043547,12964,69491
arc,5242880,5MB,0.362246,0.238379,29869,52586
arc,10485760,10MB,0.502650,0.431842,41446,41009
arc,26214400,25MB,0.661876,0.674392,54575,27880
arc,52428800,50MB,0.709611,0.748680,58511,23944
s3fifo,1048576,1MB,0.275641,0.064471,22728,59727
s3fifo,5242880,5MB,0.424401,0.297601,34994,47461
s3fifo,10485760,10MB,0.529137,0.464060,43630,38825
s3fifo,26214400,25MB,0.630914,0.615908,52022,30433
s3fifo,52428800,50MB,0.706046,0.732902,58217,24238
wtinylfu,1048576,1MB,0.364478,0.030711,30053,52402
wtinylfu,5242880,5MB,0.456382,0.117718,37631,44824
wtinylfu,10485760,10MB,0.518525,0.194309,42755,39700
wtinylfu,26214400,25MB,0.620520,0.376954,51165,31290
wtinylfu,52428800,50MB,0.693421,0.615618,57176,25279
gdsf,1048576,1MB,0.431326,0.043527,35565,46890
gdsf,5242880,5MB,0.595343,0.157991,49089,33366
gdsf,10485760,10MB,0.664472,0.261624,54789,27666
gdsf,26214400,25MB,0.736996,0.469336,60769,21686
gdsf,52428800,50MB,0.772191,0.657066,63671,18784
