policy,cache_size_bytes,cache_size_label,hit_rate,byte_hit_rate,hits,misses,evictions,duration_sec
lru,1048576,1MB,0.13310290461463828,0.02722462691509236,10975,71480,71327,0.031
lfu,1048576,1MB,0.1482141774301134,0.023835938793541157,12221,70234,70013,0.48
arc,1048576,1MB,0.17635073676550847,0.03986867009453843,14541,67914,67755,0.115
s3fifo,1048576,1MB,0.16581165484203506,0.054281455458565754,13672,68783,69971,0.044
wtinylfu,1048576,1MB,0.18371232793645018,0.05096111114081194,15148,67307,67104,0.553
gdsf,1048576,1MB,0.38910921108483415,0.04488044800022381,32084,50371,49261,0.071
lru,5242880,5MB,0.37421623916075436,0.24857158441233615,30856,51599,51459,0.025
lfu,5242880,5MB,0.272512279425141,0.12065179190789424,22470,59985,59624,1.115
arc,5242880,5MB,0.3798192953732339,0.2519982392274143,31318,51137,50993,0.212
s3fifo,5242880,5MB,0.3792614153174459,0.2662736842510739,31272,51183,53130,0.04
wtinylfu,5242880,5MB,0.3130192226062701,0.12440041878726692,25810,56645,56453,0.506
gdsf,5242880,5MB,0.5965314413922745,0.17565925878186026,49187,33268,25874,0.066
lru,10485760,10MB,0.5074040385664909,0.4330889079790275,41838,40617,40332,0.023
lfu,10485760,10MB,0.34835971135771027,0.19099672372229767,28724,53731,53124,1.739
arc,10485760,10MB,0.4733733551634225,0.3829089404778412,39032,43423,42975,0.395
s3fifo,10485760,10MB,0.5143775392638409,0.4433115289559988,42413,40042,42799,0.037
wtinylfu,10485760,10MB,0.37120853799041903,0.18962037095005568,30608,51847,51289,0.488
gdsf,10485760,10MB,0.664883876053605,0.285555600820636,54823,27632,17482,0.064
lru,26214400,25MB,0.6843611666969862,0.693383074056386,56429,26026,24868,0.02
lfu,26214400,25MB,0.5320235279849614,0.43838047531709035,43868,38587,37504,2.426
arc,26214400,25MB,0.5940209811412286,0.5756609372886569,48980,33475,32600,0.78
s3fifo,26214400,25MB,0.6435752834879631,0.6317116240343064,53066,29389,33017,0.035
wtinylfu,26214400,25MB,0.5267721787641744,0.396491465849383,43435,39020,37574,0.436
gdsf,26214400,25MB,0.7379176520526348,0.48487774597267297,60845,21610,7476,0.059
lru,52428800,50MB,0.7194227154205324,0.7726215171747356,59320,23135,21323,0.02
lfu,52428800,50MB,0.6774846886180341,0.6637720208040742,55862,26593,24773,2.914
arc,52428800,50MB,0.6948153538293614,0.7265011013385719,57291,25164,23300,1.152
s3fifo,52428800,50MB,0.698647747256079,0.7195035444717394,57607,24848,28806,0.034
wtinylfu,52428800,50MB,0.6943666242192711,0.6588212939782182,57254,25201,22936,0.368
gdsf,52428800,50MB,0.7723849372384938,0.6646733616072313,63687,18768,3354,0.048
